From,to
Mast,Bentele
Mast,Bentele
Mast,Bruhn
Mast,Bruhn
Mast,Bruhn
Mast,Bruhn
Mast,Bruhn
Mast,Bruhn
Mast,Bruhn
Mast,HuckSandhu
Mast,Luhmann
Mast,SzyszkaP
Mast,SzyszkaP
Mast,HuckSandhu
Mast,HuckSandhu
Mast,HuckSandhu
Mast,HuckSandhu
Mast,HuckSandhu
Mast,HuckSandhu
RoettgerU,Bentele
RoettgerU,Bentele
RoettgerU,Bentele
RoettgerU,SzyszkaP
Hoffjann,Bentele
Hoffjann,Bentele
Hoffjann,Bentele
Hoffjann,Bentele
Hoffjann,Bentele
Hoffjann,Bentele
Hoffjann,Bentele
Hoffjann,Bentele
Hoffjann,Bentele
Hoffjann,Bentele
Hoffjann,Bentele
Hoffjann,Bentele
Hoffjann,Bentele
Hoffjann,Bruhn
Hoffjann,Bruhn
Hoffjann,Bruhn
Hoffjann,Bruhn
Hoffjann,Bruhn
Hoffjann,Bruhn
Hoffjann,HuckSandhu
Hoffjann,HuckSandhu
Hoffjann,HuckSandhu
Hoffjann,HuckSandhu
Hoffjann,Luhmann
Hoffjann,Luhmann
Hoffjann,Luhmann
Hoffjann,Luhmann
Hoffjann,Luhmann
Hoffjann,Luhmann
Hoffjann,Luhmann
Hoffjann,Luhmann
Hoffjann,Luhmann
Hoffjann,Luhmann
Hoffjann,Luhmann
Hoffjann,Luhmann
Hoffjann,Luhmann
Hoffjann,Merten
Hoffjann,Merten
Hoffjann,Merten
Hoffjann,Merten
Hoffjann,Merten
Hoffjann,Merten
Hoffjann,Merten
Hoffjann,Merten
Hoffjann,Merten
Hoffjann,Merten
Hoffjann,RoettgerU
Hoffjann,RoettgerU
Hoffjann,RoettgerU
Hoffjann,RoettgerU
Hoffjann,RoettgerU
Hoffjann,RoettgerU
Hoffjann,RoettgerU
Hoffjann,RoettgerU
Hoffjann,SzyszkaP
Hoffjann,SzyszkaP
Hoffjann,SzyszkaP
Hoffjann,SzyszkaP
Hoffjann,SzyszkaP
Hoffjann,SzyszkaP
Hoffjann,SzyszkaP
Hoffjann,SzyszkaP
Hoffjann,SzyszkaP
Hoffjann,SzyszkaP
Hoffjann,SzyszkaP
Hoffjann,SzyszkaP
Hoffjann,SzyszkaP
Steinke,Bentele
Franck,Bruhn